Workbook

Sheet trades
A1: Инструмент | B1: Гос. рег. номер | C1: Тикер | D1: Номер сделки | E1: DateTime | F1: Кол-во | G1: Направление | H1: Валюта цены (номинала для облигаций) | I1: Цена сделки (% для облигаций) | J1: Валюта расчетов | K1: Объем сделки | L1: НКД по сделке в валюте расчетов | M1: Комиссия Брокера/Доп. комиссия Брокера "Сборы ТС"
A2: ОФЗ 26219, 26219RMFS, RU000A0JWM07 | C2: 26219RMFS | D2: 11047958427 | E2: 45517.432 | F2: 9 | G2: buy | H2: RUR | I2: 86.171 | J2: RUR | K2: 8036.28 | L2: 280.89 | M2: 2.99
A3: ОФЗ 26219, 26219RMFS, RU000A0JWM07 | C3: 26219RMFS | D3: 11048034579 | E3: 45517.433 | F3: 3 | G3: buy | H3: RUR | I3: 86.171 | J3: RUR | K3: 2678.76 | L3: 93.63 | M3: 1
A4: ОФЗ 26219, 26219RMFS, RU000A0JWM07 | C4: 26219RMFS | D4: 11048078982 | E4: 45517.438 | F4: 38 | G4: buy | H4: RUR | I4: 86.171 | J4: RUR | K4: 33930.96 | L4: 1185.98 | M4: 12.6
A5: ОФЗ 26219, 26219RMFS, RU000A0JWM07 | C5: 26219RMFS | D5: S11082834441 | E5: 45525.907 | F5: 50 | G5: sell | H5: RUR | I5: 85.688 | J5: RUR | K5: 44489.5 | L5: 1645.5 | M5: 16.49
A6: ОФЗ 26226, 26226RMFS, RU000A0ZZYW2 | C6: 26226RMFS | D6: 11049872636 | E6: 45517.529 | F6: 50 | G6: buy | H6: RUR | I6: 85.93 | J6: RUR | K6: 44337 | L6: 1372 | M6: 16.54
A7: ОФЗ 26226, 26226RMFS, RU000A0ZZYW2 | C7: 26226RMFS | D7: S11072031724 | E7: 45523.796 | F7: 4 | G7: sell | H7: RUR | I7: 85.441 | J7: RUR | K7: 3532.64 | L7: 115 | M7: 1.32
A8: ОФЗ 26226, 26226RMFS, RU000A0ZZYW2 | C8: 26226RMFS | D8: S11072037988 | E8: 45523.797 | F8: 1 | G8: sell | H8: RUR | I8: 85.441 | J8: RUR | K8: 883.16 | L8: 28.75 | M8: 0.33
A9: ОФЗ 26226, 26226RMFS, RU000A0ZZYW2 | C9: 26226RMFS | D9: S11072049843 | E9: 45523.798 | F9: 12 | G9: sell | H9: RUR | I9: 85.441 | J9: RUR | K9: 10597.92 | L9: 345 | M9: 3.95
A10: ОФЗ 26226, 26226RMFS, RU000A0ZZYW2 | C10: 26226RMFS | D10: S11072050728 | E10: 45523.799 | F10: 1 | G10: sell | H10: RUR | I10: 85.441 | J10: RUR | K10: 883.16 | L10: 28.75 | M10: 0.33
A11: ОФЗ 26226, 26226RMFS, RU000A0ZZYW2 | C11: 26226RMFS | D11: S11072053663 | E11: 45523.799 | F11: 18 | G11: sell | H11: RUR | I11: 85.441 | J11: RUR | K11: 15896.88 | L11: 517.5 | M11: 5.92
A12: ОФЗ 26226, 26226RMFS, RU000A0ZZYW2 | C12: 26226RMFS | D12: S11072088429 | E12: 45523.803 | F12: 5 | G12: sell | H12: RUR | I12: 85.441 | J12: RUR | K12: 4415.8 | L12: 143.75 | M12: 1.64
A13: ОФЗ 26226, 26226RMFS, RU000A0ZZYW2 | C13: 26226RMFS | D13: S11072106145 | E13: 45523.807 | F13: 1 | G13: sell | H13: RUR | I13: 85.441 | J13: RUR | K13: 883.16 | L13: 28.75 | M13: 0.33
A14: ОФЗ 26226, 26226RMFS, RU000A0ZZYW2 | C14: 26226RMFS | D14: S11072109875 | E14: 45523.808 | F14: 5 | G14: sell | H14: RUR | I14: 85.441 | J14: RUR | K14: 4415.8 | L14: 143.75 | M14: 1.64
A15: ОФЗ 26226, 26226RMFS, RU000A0ZZYW2 | C15: 26226RMFS | D15: S11072128090 | E15: 45523.811 | F15: 2 | G15: sell | H15: RUR | I15: 85.441 | J15: RUR | K15: 1766.32 | L15: 57.5 | M15: 0.65
A16: ОФЗ 26226, 26226RMFS, RU000A0ZZYW2 | C16: 26226RMFS | D16: S11072138721 | E16: 45523.812 | F16: 1 | G16: sell | H16: RUR | I16: 85.441 | J16: RUR | K16: 883.16 | L16: 28.75 | M16: 0.33
A17: ОФЗ 26229, 26229RMFS, RU000A100EG3 | C17: 26229RMFS | D17: 11048384635 | E17: 45517.449 | F17: 5 | G17: buy | H17: RUR | I17: 90.1 | J17: RUR | K17: 4594.15 | L17: 89.15 | M17: 1.73
A18: ОФЗ 26229, 26229RMFS, RU000A100EG3 | C18: 26229RMFS | D18: S11456710667 | E18: 45618.418 | F18: 5 | G18: sell | H18: RUR | I18: 88.792 | J18: RUR | K18: 4451.35 | L18: 11.75 | M18: 1.71
A19: ОФЗ 26234, 26234RMFS, RU000A101QE0 | C19: 26234RMFS | D19: 11047782481 | E19: 45517.424 | F19: 5 | G19: buy | H19: RUR | I19: 90.27 | J19: RUR | K19: 4530.75 | L19: 17.25 | M19: 1.73
A20: ОФЗ 26234, 26234RMFS, RU000A101QE0 | C20: 26234RMFS | D20: 11057781032 | E20: 45519.429 | F20: 1 | G20: buy | H20: RUR | I20: 90.21 | J20: RUR | K20: 905.8 | L20: 3.7 | M20: 0.34
A21: ОФЗ 26234, 26234RMFS, RU000A101QE0 | C21: 26234RMFS | D21: S11456701102 | E21: 45618.418 | F21: 5 | G21: sell | H21: RUR | I21: 90.814 | J21: RUR | K21: 4621.45 | L21: 80.75 | M21: 1.74
A22: ОФЗ 26234, 26234RMFS, RU000A101QE0 | C22: 26234RMFS | D22: S11456702175 | E22: 45618.418 | F22: 1 | G22: sell | H22: RUR | I22: 90.814 | J22: RUR | K22: 924.29 | L22: 16.15 | M22: 0.34
A23: Система ао | B23: 1-05-01669-A | C23: AFKS | D23: 2 | E23: 10.01.2022 17:07:21 | F23: 2500 | G23: buy | H23: RUB | I23: 23.694 | J23: RUB | K23: 59235 | M23: 11.85
A24: Система ао | B24: 1-05-01669-A | C24: AFKS | D24: 4844103702 | E24: 10.01.2022 17:07:21 | F24: 1000 | G24: buy | H24: RUB | I24: 23.694 | J24: RUB | K24: 23694 | M24: 11.85
A25: Система ао | B25: 1-05-01669-A | C25: AFKS | D25: 4868643995 | E25: 14.01.2022 16:17:44 | F25: 1000 | G25: buy | H25: RUB | I25: 21.767 | J25: RUB | K25: 21767 | M25: 10.88
A26: Система ао | B26: 1-05-01669-A | C26: AFKS | D26: 4892001079 | E26: 20.01.2022 15:34:19 | F26: 1000 | G26: buy | H26: RUB | I26: 21.74 | J26: RUB | K26: 21740 | M26: 10.87
A27: Система ао | B27: 1-05-01669-A | C27: AFKS | D27: 4895618957 | E27: 21.01.2022 07:05:20 | F27: 1000 | G27: buy | H27: RUB | I27: 21.7 | J27: RUB | K27: 21700 | M27: 10.85
A28: Система ао | B28: 1-05-01669-A | C28: AFKS | D28: 4902431110 | E28: 24.01.2022 11:21:13 | F28: 1000 | G28: buy | H28: RUB | I28: 20.44 | J28: RUB | K28: 20440 | M28: 10.22
A29: Система ао | B29: 1-05-01669-A | C29: AFKS | D29: 4903670881 | E29: 24.01.2022 13:24:13 | F29: 1000 | G29: buy | H29: RUB | I29: 19.717 | J29: RUB | K29: 19717 | M29: 9.86
A30: Система ао | B30: 1-05-01669-A | C30: AFKS | D30: 5002571899 | E30: 17.02.2022 12:36:32 | F30: 300 | G30: buy | H30: RUB | I30: 20.151 | J30: RUB | K30: 6045.3 | M30: 3.02
A31: Система ао | B31: 1-05-01669-A | C31: AFKS | D31: 5002572433 | E31: 17.02.2022 12:36:39 | F31: 4700 | G31: buy | H31: RUB | I31: 20.151 | J31: RUB | K31: 94709.7 | M31: 47.35
A32: Система ао | B32: 1-05-01669-A | C32: AFKS | D32: 5002756926 | E32: 17.02.2022 13:23:15 | F32: 1800 | G32: buy | H32: RUB | I32: 20.451 | J32: RUB | K32: 36811.8 | M32: 18.41
A33: Система ао | B33: 1-05-01669-A | C33: AFKS | D33: 5002783937 | E33: 17.02.2022 13:29:47 | F33: 1500 | G33: buy | H33: RUB | I33: 20.374 | J33: RUB | K33: 30561 | M33: 15.28
A34: Система ао | B34: 1-05-01669-A | C34: AFKS | D34: 5002932425 | E34: 17.02.2022 14:02:53 | F34: 100 | G34: buy | H34: RUB | I34: 20.481 | J34: RUB | K34: 2048.1 | M34: 1.02
... A58: Система ао | B58: 1-05-01669-A | C58: AFKS | D58: 5003692350 | E58: 17.02.2022 16:38:12 | F58: 100 | G58: sell | H58: RUB | I58: 19.983 | J58: RUB | K58: 1998.3 | M58: 1
A59: Система ао | B59: 1-05-01669-A | C59: =VLOOKUP(A59,[1]Лист2!A:B,2,0) -> AFKS | D59: 7583738440 | E59: 26.04.2023 12:11:23 | F59: 400 | G59: sell | H59: RUB | I59: 15.895 | J59: RUB | K59: 6358 | M59: 3.82
A60: Система ао | B60: 1-05-01669-A | C60: =VLOOKUP(A60,[1]Лист2!A:B,2,0) -> AFKS | D60: 7589470229 | E60: 28.04.2023 10:03:25 | F60: 400 | G60: sell | H60: RUB | I60: 15.96 | J60: RUB | K60: 6384 | M60: 1.92
A61: Система ао | B61: 1-05-01669-A | C61: =VLOOKUP(A61,[1]Лист2!A:B,2,0) -> AFKS | D61: 7611939741 | E61: 03.05.2023 15:30:44 | F61: 400 | G61: sell | H61: RUB | I61: 16.012 | J61: RUB | K61: 6404.8 | M61: 1.92
A62: Система ао | B62: 1-05-01669-A | C62: =VLOOKUP(A62,[1]Лист2!A:B,2,0) -> AFKS | D62: 7684859120 | E62: 25.05.2023 13:39:50 | F62: 5000 | G62: sell | H62: RUB | I62: 15.715 | J62: RUB | K62: 78575 | M62: 23.57
A63: Система ао | B63: 1-05-01669-A | C63: =VLOOKUP(A63,[1]Лист2!A:B,2,0) -> AFKS | D63: 7685502884 | E63: 25.05.2023 15:37:19 | F63: 2000 | G63: sell | H63: RUB | I63: 15.769 | J63: RUB | K63: 31538 | M63: 9.46
A64: Система ао | B64: 1-05-01669-A | C64: =VLOOKUP(A64,[1]Лист2!A:B,2,0) -> AFKS | D64: 7685508002 | E64: 25.05.2023 15:38:30 | F64: 600 | G64: sell | H64: RUB | I64: 15.766 | J64: RUB | K64: 9459.6 | M64: 2.84
A65: Система ао | B65: 1-05-01669-A | C65: =VLOOKUP(A65,[1]Лист2!A:B,2,0) -> AFKS | D65: 7685508742 | E65: 25.05.2023 15:38:38 | F65: 1400 | G65: sell | H65: RUB | I65: 15.766 | J65: RUB | K65: 22072.4 | M65: 6.62
A66: Система ао | B66: 1-05-01669-A | C66: =VLOOKUP(A66,[1]Лист2!A:B,2,0) -> AFKS | D66: 7685612917 | E66: 25.05.2023 15:58:37 | F66: 100 | G66: sell | H66: RUB | I66: 15.767 | J66: RUB | K66: 1576.7 | M66: 0.47
A67: Система ао | B67: 1-05-01669-A | C67: =VLOOKUP(A67,[1]Лист2!A:B,2,0) -> AFKS | D67: 7685612933 | E67: 25.05.2023 15:58:37 | F67: 100 | G67: sell | H67: RUB | I67: 15.767 | J67: RUB | K67: 1576.7 | M67: 0.47
A68: Система ао | B68: 1-05-01669-A | C68: =VLOOKUP(A68,[1]Лист2!A:B,2,0) -> AFKS | D68: 7685787560 | E68: 25.05.2023 16:29:54 | F68: 1800 | G68: sell | H68: RUB | I68: 15.767 | J68: RUB | K68: 28380.6 | M68: 8.51
A69: Система ао | B69: 1-05-01669-A | C69: =VLOOKUP(A69,[1]Лист2!A:B,2,0) -> AFKS | D69: 7686865693 | E69: 26.05.2023 10:10:26 | F69: 3000 | G69: sell | H69: RUB | I69: 15.819 | J69: RUB | K69: 47457 | M69: 14.24
A70: Система ао | B70: 1-05-01669-A | C70: =VLOOKUP(A70,[1]Лист2!A:B,2,0) -> AFKS | D70: 7689358287 | E70: 26.05.2023 15:43:07 | F70: 3000 | G70: sell | H70: RUB | I70: 15.789 | J70: RUB | K70: 47367 | M70: 14.21
... A120: Система ао | B120: 1-05-01669-A | C120: =VLOOKUP(A120,[1]Лист2!A:B,2,0) -> AFKS | D120: 7685571125 | E120: 25.05.2023 15:51:20 | F120: 100 | G120: buy | H120: RUB | I120: 15.752 | J120: RUB | K120: 1575.2 | M120: 0.47
A121: Аэрофлот | B121: 1-01-00010-A | C121: AFLT | D121: 1 | E121: 44562 14:37:58 | F121: 1000 | G121: buy | H121: RUB | I121: 58.94 | J121: RUB | K121: 58940 | M121: 2.95
A122: Аэрофлот | B122: 1-01-00010-A | C122: AFLT | D122: 4854532601 | E122: 12.01.2022 12:32:36 | F122: 200 | G122: buy | H122: RUB | I122: 62.18 | J122: RUB | K122: 12436 | M122: 6.22
A123: Аэрофлот | B123: 1-01-00010-A | C123: AFLT | D123: 4867892371 | E123: 14.01.2022 14:37:58 | F123: 100 | G123: buy | H123: RUB | I123: 58.94 | J123: RUB | K123: 5894 | M123: 2.95
A124: Аэрофлот | B124: 1-01-00010-A | C124: AFLT | D124: 4880328847 | E124: 18.01.2022 15:36:59 | F124: 500 | G124: buy | H124: RUB | I124: 54.62 | J124: RUB | K124: 27310 | M124: 13.66
A125: Аэрофлот | B125: 1-01-00010-A | C125: AFLT | D125: 4919933207 | E125: 27.01.2022 10:17:32 | F125: 390 | G125: buy | H125: RUB | I125: 53.1 | J125: RUB | K125: 20709 | M125: 10.35
A126: Аэрофлот | B126: 1-01-00010-A | C126: AFLT | D126: 4919933647 | E126: 27.01.2022 10:17:36 | F126: 10 | G126: buy | H126: RUB | I126: 53.1 | J126: RUB | K126: 531 | M126: 0.27
A127: Аэрофлот | B127: 1-01-00010-A | C127: AFLT | D127: 4926143220 | E127: 28.01.2022 10:33:26 | F127: 800 | G127: buy | H127: RUB | I127: 55.02 | J127: RUB | K127: 44016 | M127: 22.01
A128: Аэрофлот | B128: 1-01-00010-A | C128: AFLT | D128: 4931702090 | E128: 31.01.2022 08:12:33 | F128: 790 | G128: sell | H128: RUB | I128: 56.04 | J128: RUB | K128: 44271.6 | M128: 22.14
A129: Аэрофлот | B129: 1-01-00010-A | C129: AFLT | D129: 4920277211 | E129: 27.01.2022 11:19:31 | F129: 400 | G129: sell | H129: RUB | I129: 53.98 | J129: RUB | K129: 21592 | M129: 10.8
A130: Аэрофлот | B130: 1-01-00010-A | C130: AFLT | D130: 4886789182 | E130: 19.01.2022 15:00:42 | F130: 300 | G130: sell | H130: RUB | I130: 55.98 | J130: RUB | K130: 16794 | M130: 8.4
A131: Аэрофлот | B131: 1-01-00010-A | C131: AFLT | D131: 4889779624 | E131: 20.01.2022 08:56:07 | F131: 100 | G131: sell | H131: RUB | I131: 57.94 | J131: RUB | K131: 5794 | M131: 2.9
A132: Аэрофлот | B132: 1-01-00010-A | C132: AFLT | D132: 4887396971 | E132: 19.01.2022 16:36:26 | F132: 50 | G132: sell | H132: RUB | I132: 56.92 | J132: RUB | K132: 2846 | M132: 1.42
... A138: Аэрофлот | B138: 1-01-00010-A | C138: AFLT | D138: 4931702050 | E138: 31.01.2022 08:12:29 | F138: 10 | G138: sell | H138: RUB | I138: 56.04 | J138: RUB | K138: 560.4 | M138: 0.28
A139: Аэрофлот | B139: 1-01-00010-A | C139: =VLOOKUP(A139,[1]Лист2!A:B,2,0) -> AFLT | D139: 7683190373 | E139: 25.05.2023 10:51:32 | F139: 130 | G139: sell | H139: RUB | I139: 40.47 | J139: RUB | K139: 5261.1 | M139: 1.58
A140: Аэрофлот | B140: 1-01-00010-A | C140: =VLOOKUP(A140,[1]Лист2!A:B,2,0) -> AFLT | D140: 7683191785 | E140: 25.05.2023 10:51:34 | F140: 100 | G140: sell | H140: RUB | I140: 40.47 | J140: RUB | K140: 4047 | M140: 1.21
A141: Аэрофлот | B141: 1-01-00010-A | C141: =VLOOKUP(A141,[1]Лист2!A:B,2,0) -> AFLT | D141: 7683191927 | E141: 25.05.2023 10:51:34 | F141: 10 | G141: sell | H141: RUB | I141: 40.47 | J141: RUB | K141: 404.7 | M141: 0.12
A142: Аэрофлот | B142: 1-01-00010-A | C142: =VLOOKUP(A142,[1]Лист2!A:B,2,0) -> AFLT | D142: 7683192737 | E142: 25.05.2023 10:51:36 | F142: 100 | G142: sell | H142: RUB | I142: 40.47 | J142: RUB | K142: 4047 | M142: 1.21
A143: Аэрофлот | B143: 1-01-00010-A | C143: =VLOOKUP(A143,[1]Лист2!A:B,2,0) -> AFLT | D143: 7683193095 | E143: 25.05.2023 10:51:37 | F143: 30 | G143: sell | H143: RUB | I143: 40.47 | J143: RUB | K143: 1214.1 | M143: 0.36
A144: Аэрофлот | B144: 1-01-00010-A | C144: =VLOOKUP(A144,[1]Лист2!A:B,2,0) -> AFLT | D144: 7683193157 | E144: 25.05.2023 10:51:37 | F144: 10 | G144: sell | H144: RUB | I144: 40.47 | J144: RUB | K144: 404.7 | M144: 0.12
A145: Аэрофлот | B145: 1-01-00010-A | C145: =VLOOKUP(A145,[1]Лист2!A:B,2,0) -> AFLT | D145: 7683193462 | E145: 25.05.2023 10:51:37 | F145: 20 | G145: sell | H145: RUB | I145: 40.47 | J145: RUB | K145: 809.4 | M145: 0.24
A146: Аэрофлот | B146: 1-01-00010-A | C146: =VLOOKUP(A146,[1]Лист2!A:B,2,0) -> AFLT | D146: 7683193701 | E146: 25.05.2023 10:51:38 | F146: 20 | G146: sell | H146: RUB | I146: 40.47 | J146: RUB | K146: 809.4 | M146: 0.24
A147: Аэрофлот | B147: 1-01-00010-A | C147: =VLOOKUP(A147,[1]Лист2!A:B,2,0) -> AFLT | D147: 7683193767 | E147: 25.05.2023 10:51:38 | F147: 150 | G147: sell | H147: RUB | I147: 40.47 | J147: RUB | K147: 6070.5 | M147: 1.82
A148: Аэрофлот | B148: 1-01-00010-A | C148: =VLOOKUP(A148,[1]Лист2!A:B,2,0) -> AFLT | D148: 7683193812 | E148: 25.05.2023 10:51:38 | F148: 220 | G148: sell | H148: RUB | I148: 40.47 | J148: RUB | K148: 8903.4 | M148: 2.67
A149: Аэрофлот | B149: 1-01-00010-A | C149: =VLOOKUP(A149,[1]Лист2!A:B,2,0) -> AFLT | D149: 7683194601 | E149: 25.05.2023 10:51:40 | F149: 40 | G149: sell | H149: RUB | I149: 40.47 | J149: RUB | K149: 1618.8 | M149: 0.49
A150: Аэрофлот | B150: 1-01-00010-A | C150: =VLOOKUP(A150,[1]Лист2!A:B,2,0) -> AFLT | D150: 7683195107 | E150: 25.05.2023 10:51:41 | F150: 20 | G150: sell | H150: RUB | I150: 40.47 | J150: RUB | K150: 809.4 | M150: 0.24
... A206: Аэрофлот | B206: 1-01-00010-A | C206: =VLOOKUP(A206,[1]Лист2!A:B,2,0) -> AFLT | D206: 9321124337 | E206: 28.12.2023 10:48:13 | F206: 10 | G206: buy | H206: RUB | I206: 34.88 | J206: RUB | K206: 348.8 | M206: 0.1
A207: Аэрофлот, 1-01-00010-A, RU0009062285 | C207: AFLT | D207: S9339476882 | E207: 45296.647 | F207: 180 | G207: sell | H207: RUR | I207: 36.09 | J207: RUR | K207: 6496.2 | L207: 0 | M207: 1.95
A208: Аэрофлот, 1-01-00010-A, RU0009062285 | C208: AFLT | D208: S9339482076 | E208: 45296.648 | F208: 500 | G208: sell | H208: RUR | I208: 36.09 | J208: RUR | K208: 18045 | L208: 0 | M208: 5.41
A209: Аэрофлот, 1-01-00010-A, RU0009062285 | C209: AFLT | D209: S9339543190 | E209: 45296.662 | F209: 10 | G209: sell | H209: RUR | I209: 36.09 | J209: RUR | K209: 360.9 | L209: 0 | M209: 0.11
A210: Аэрофлот, 1-01-00010-A, RU0009062285 | C210: AFLT | D210: S9339543202 | E210: 45296.662 | F210: 250 | G210: sell | H210: RUR | I210: 36.09 | J210: RUR | K210: 9022.5 | L210: 0 | M210: 2.71
A211: Аэрофлот, 1-01-00010-A, RU0009062285 | C211: AFLT | D211: S9339543203 | E211: 45296.662 | F211: 60 | G211: sell | H211: RUR | I211: 36.09 | J211: RUR | K211: 2165.4 | L211: 0 | M211: 0.65
A212: Аэрофлот, 1-01-00010-A, RU0009062285 | C212: AFLT | D212: S9900943752 | E212: 45371.782 | F212: 1300 | G212: sell | H212: RUR | I212: 40.63 | J212: RUR | K212: 52819 | L212: 0 | M212: 23.78
A213: АЛРОСА ао | B213: 1-03-40046-N | C213: ALRS | D213: 5009266010 | E213: 18.02.2022 16:09:42 | F213: 100 | G213: buy | H213: RUB | I213: 105.02 | J213: RUB | K213: 10502 | M213: 5.25
A214: АЛРОСА ао | B214: 1-03-40046-N | C214: ALRS | D214: 5016789827 | E214: 21.02.2022 14:36:48 | F214: 100 | G214: buy | H214: RUB | I214: 92.98 | J214: RUB | K214: 9298 | M214: 4.65
A215: АЛРОСА ао | B215: 1-03-40046-N | C215: ALRS | D215: 5016814187 | E215: 21.02.2022 14:38:25 | F215: 200 | G215: buy | H215: RUB | I215: 92.3 | J215: RUB | K215: 18460 | M215: 9.23
A216: АЛРОСА ао | B216: 1-03-40046-N | C216: ALRS | D216: 5610242173 | E216: 08.06.2022 14:45:33 | F216: 200 | G216: buy | H216: RUB | I216: 68.89 | J216: RUB | K216: 13778 | M216: 11.02
A217: АЛРОСА ао | B217: 1-03-40046-N | C217: ALRS | D217: 6022430427 | E217: 29.07.2022 15:03:15 | F217: 30 | G217: buy | H217: RUB | I217: 63.86 | J217: RUB | K217: 1915.8 | M217: 1.53
A218: АЛРОСА ао | B218: 1-03-40046-N | C218: ALRS | D218: 6022431872 | E218: 29.07.2022 15:03:52 | F218: 190 | G218: buy | H218: RUB | I218: 63.86 | J218: RUB | K218: 12133.4 | M218: 9.71
A219: АЛРОСА ао | B219: 1-03-40046-N | C219: ALRS | D219: 6022431895 | E219: 29.07.2022 15:03:54 | F219: 130 | G219: buy | H219: RUB | I219: 63.86 | J219: RUB | K219: 8301.8 | M219: 6.64
A220: АЛРОСА ао | B220: 1-03-40046-N | C220: ALRS | D220: 6257111753 | E220: 30.08.2022 11:37:11 | F220: 170 | G220: buy | H220: RUB | I220: 72.04 | J220: RUB | K220: 12246.8 | M220: 4.89
A221: АЛРОСА ао | B221: 1-03-40046-N | C221: ALRS | D221: 6208324688 | E221: 24.08.2022 10:18:24 | F221: 250 | G221: sell | H221: RUB | I221: 70.89 | J221: RUB | K221: 17722.5 | M221: 7.09
A222: АЛРОСА ао | B222: 1-03-40046-N | C222: ALRS | D222: 5029227644 | E222: 22.02.2022 15:37:15 | F222: 200 | G222: sell | H222: RUB | I222: 94.35 | J222: RUB | K222: 18870 | M222: 9.44
A223: АЛРОСА ао | B223: 1-03-40046-N | C223: ALRS | D223: 5694090988 | E223: 20.06.2022 13:48:14 | F223: 200 | G223: sell | H223: RUB | I223: 69.3 | J223: RUB | K223: 13860 | M223: 11.09
A224: АЛРОСА ао | B224: 1-03-40046-N | C224: ALRS | D224: 6208276788 | E224: 24.08.2022 10:11:14 | F224: 150 | G224: sell | H224: RUB | I224: 70.89 | J224: RUB | K224: 10633.5 | M224: 4.25
A225: АЛРОСА ао | B225: 1-03-40046-N | C225: =VLOOKUP(A225,[1]Лист2!A:B,2,0) -> ALRS | D225: 7681634848 | E225: 24.05.2023 16:27:25 | F225: 1000 | G225: sell | H225: RUB | I225: 66.67 | J225: RUB | K225: 66670 | M225: 40
A226: АЛРОСА ао | B226: 1-03-40046-N | C226: =VLOOKUP(A226,[1]Лист2!A:B,2,0) -> ALRS | D226: 7686351655 | E226: 25.05.2023 18:08:17 | F226: 1000 | G226: sell | H226: RUB | I226: 66.1 | J226: RUB | K226: 66100 | M226: 39.66
A227: АЛРОСА ао | B227: 1-03-40046-N | C227: =VLOOKUP(A227,[1]Лист2!A:B,2,0) -> ALRS | D227: 7699019558 | E227: 30.05.2023 18:39:53 | F227: 300 | G227: sell | H227: RUB | I227: 67.7 | J227: RUB | K227: 20310 | M227: 12.18
A228: АЛРОСА ао | B228: 1-03-40046-N | C228: =VLOOKUP(A228,[1]Лист2!A:B,2,0) -> ALRS | D228: 7699019605 | E228: 30.05.2023 18:39:54 | F228: 70 | G228: sell | H228: RUB | I228: 67.7 | J228: RUB | K228: 4739 | M228: 1.42
A229: АЛРОСА ао | B229: 1-03-40046-N | C229: =VLOOKUP(A229,[1]Лист2!A:B,2,0) -> ALRS | D229: 7699019747 | E229: 30.05.2023 18:39:54 | F229: 10 | G229: sell | H229: RUB | I229: 67.7 | J229: RUB | K229: 677 | M229: 0.2
A230: АЛРОСА ао | B230: 1-03-40046-N | C230: =VLOOKUP(A230,[1]Лист2!A:B,2,0) -> ALRS | D230: 7699019908 | E230: 30.05.2023 18:39:55 | F230: 20 | G230: sell | H230: RUB | I230: 67.7 | J230: RUB | K230: 1354 | M230: 0.41
A231: АЛРОСА ао | B231: 1-03-40046-N | C231: =VLOOKUP(A231,[1]Лист2!A:B,2,0) -> ALRS | D231: 7699019990 | E231: 30.05.2023 18:39:56 | F231: 100 | G231: sell | H231: RUB | I231: 67.7 | J231: RUB | K231: 6770 | M231: 2.03
A232: АЛРОСА ао | B232: 1-03-40046-N | C232: =VLOOKUP(A232,[1]Лист2!A:B,2,0) -> ALRS | D232: 7718613158 | E232: 05.06.2023 12:10:55 | F232: 180 | G232: sell | H232: RUB | I232: 66.48 | J232: RUB | K232: 11966.4 | M232: 3.59
...
